,x,y,yaw,xy err,speed_err,rewards
0,9.497386258088978e-12,2.7112003229484604e-25,-1.850919417734076e-11,0.0,0.0,0.0
1,0.05318964931099984,-9.945087815776262e-13,-1.8265389201133075e-11,0.0006723291171617748,1.0,0.4986638354414191
2,0.22346033686134614,1.0945372201717995e-05,0.00018287346739676027,0.0005065055552932561,1.0,0.49874674722235335
3,0.3769157853042537,5.0758576903621036e-05,0.00034632113777455237,0.00035420458128554525,1.0,0.4988228977093572
4,0.5302419183300312,0.00011266750228000465,0.0004650641663141996,0.00024335326958644347,1.0,0.49887832336520677
5,0.6834716961419139,0.000190064914643167,0.0005470681172559111,0.00016690019933012922,1.0,0.49891654990033496
6,0.8366317412317028,0.0002780852666304215,0.0006033383443053708,0.00011453737440200046,1.0,0.498942731312799
7,0.989742325706493,0.0003733778554373839,0.00064194741645629,7.868399358415751e-05,1.0,0.49896065800320794
8,1.1428183100725264,0.00047365343880421257,0.0006684627226558603,5.41162662095815e-05,1.0,0.4989729418668952
9,1.312874965955665,0.000589029320105168,0.0006885328434917958,3.5551995333199526e-05,1.0,0.4989822240023334
10,1.4489058187504371,0.0006833711992687,0.0006988341621592119,2.610813995580926e-05,1.0,0.4989869459300221
11,1.5509229514569967,0.000754957079268471,0.0007048023968287965,2.0639534314628705e-05,1.0,0.4989896802328427
12,1.6699381037221552,0.0008391455605656551,0.0007101608355162269,1.5745900978979526e-05,1.0,0.4989921270495105
13,1.788949327759269,0.0009238972027112459,0.0007142411166465302,1.2029383804461726e-05,1.0,0.49899398530809774
14,1.8909565969077922,0.0009968782374552405,0.0007168214661579243,9.699634328338503e-06,1.0,0.49899515018283586
15,1.992962211311567,0.0010700953861243717,0.0007188793948205152,7.849033938986047e-06,1.0,0.4989960754830305
16,2.1289677578433595,0.0011680087329564769,0.0007210835365785152,5.867068716952162e-06,1.0,0.4989970664656415
17,2.2649716816803265,0.0012661873959616931,0.0007227535001641527,4.3681599879449124e-06,1.0,0.498997815920006
18,2.434975008748564,0.0013891965200925234,0.0007243915538421852,2.8865501697963435e-06,1.0,0.4989985567249151
19,2.5879769829868082,0.001500105355327393,0.0007253755753660053,2.001285303990675e-06,1.0,0.498998999357348
20,2.74097831089978,0.001611139897011364,0.0007260481579494105,1.4004658261654356e-06,1.0,0.4989992997670869
21,2.8939791997634776,0.0017222615064572456,0.0007265175464143959,9.83607273412953e-07,1.0,0.4989995081963633
22,3.0469797904171334,0.001833444064708919,0.0007268468710375231,6.929331204430554e-07,1.0,0.4989996535334398
23,3.199980178535146,0.0019446694561047206,0.0007270786731963242,4.897183056800205e-07,1.0,0.49899975514084716
24,3.352980429104073,0.002055925044295198,0.0007272423448640987,3.473113179433638e-07,1.0,0.49899982634434104
25,3.505980586262578,0.0021672019906930685,0.0007273583071918389,2.4726591065914617e-07,1.0,0.4989998763670447
26,3.6759806874385355,0.00229086061475628,0.0007274491681563688,1.695429110734701e-07,1.0,0.4989999152285445
27,3.828980734247502,0.0024021644001605996,0.0007275036918352741,1.2390974508317935e-07,1.0,0.49899993804512743
28,3.9479807507681817,0.002488739096557851,0.000727534737979596,9.840730441689014e-08,1.0,0.4989999507963478
29,4.032980754718289,0.0025505802279703034,0.0007275523315675159,8.421646326150795e-08,1.0,0.4989999578917684
30,4.15198075187928,0.0026371601474328593,0.0007275737213445764,6.695159539228321e-08,1.0,0.4989999665242023
31,4.253980743435329,0.002711373370328327,0.0007275885496178525,5.5126901023108514e-08,1.0,0.4989999724365495
32,4.355980730770524,0.0027855879658696854,0.0007276005958702926,4.569089419304267e-08,1.0,0.4989999771545529
33,4.474980711928284,0.0028721730707079196,0.0007276121076658093,3.681797504948101e-08,1.0,0.4989999815910125
34,4.576980693122678,0.002946389861349873,0.0007276199127459471,3.099055054895869e-08,1.0,0.4989999845047247
35,4.678980672452883,0.003020607384954021,0.0007276264315829728,2.624471961000345e-08,1.0,0.4989999868776402
36,4.79798064654219,0.0031071952698269456,0.0007276328412677557,2.1691117937298714e-08,1.0,0.49899998915444105
37,4.950980611147156,0.003218523602390112,0.0007276399420508285,1.6675992263611404e-08,1.0,0.49899999166200387
38,5.086980578290045,0.0033174829459009124,0.0007276448872772789,1.3344023156087494e-08,1.0,0.49899999332798844
39,5.205980548777748,0.0034040728642201505,0.0007276482495401916,1.127100380930203e-08,1.0,0.4989999943644981
40,5.358980510091305,0.0035154032957810727,0.0007276518617649331,9.224306754735713e-09,1.0,0.4989999953878466
41,5.494980475207024,0.003614364107014878,0.0007276545073588991,7.938051968026973e-09,1.0,0.498999996030974
42,5.647980435577152,0.003725695414782394,0.0007276570185714704,7.027948130031679e-09,1.0,0.49899999648602594
43,5.76698040455385,0.003812286683758008,0.0007276587433184823,6.7125687860805985e-09,1.0,0.4989999966437156
44,5.919980364488067,0.003923618605937985,0.0007276608286894693,6.977049273504572e-09,1.0,0.49899999651147536
45,6.072980324281028,0.004034950846527501,0.0007276629467432018,9.006640693887472e-09,1.0,0.49899999549667967
46,6.208980288458601,0.004133913134116307,0.0007276653006815793,1.9204708357118717e-08,1.0,0.4989999903976458
47,6.327980257069591,0.0042205054803112095,0.0007276693477580309,3.141592603462735,1.0,-1.0717963017313674
48,6.446960792912592,0.005655075702654123,0.05672567897510916,3.0945105711217455,1.0,-1.0482552855608727
49,6.531417806737759,0.01469263823481555,0.1987606822008594,2.9873430482694037,1.0,-0.9946715241347018
50,6.62834098250028,0.04545549564415312,0.48364668606687916,2.781376847961062,1.0,-0.891688423980531
51,6.709485692098285,0.106206334755986,0.8769076828774969,2.5064352508743326,1.0,-0.7542176254371663
52,6.760167808236957,0.19393184293171406,1.2849076828389148,2.244554719966258,1.0,-0.623277359983129
53,6.766599281930026,0.3281330555445412,1.8289076827918223,1.9153264010741236,1.0,-0.4586632005370618
54,6.691119815900018,0.45868313567076574,2.4219512685597078,1.574521642951317,1.0,-0.28826082147565846
55,6.556675764659457,0.528021505833036,2.9434847001401376,1.3068054286370785,1.0,-0.15440271431853925
56,6.43836326126955,0.5337057340956531,-3.005582509910304,1.17174500570206,1.0,-0.08687250285102999
57,6.293303962428412,0.4878727454228826,-2.633250320691506,1.0675666697465627,1.0,-0.034783334873281335
58,6.173015570011121,0.39446370128735375,-2.298243729526388,1.032205611045054,1.0,-0.017102805522526965
59,6.096139362316015,0.28281530300320623,-2.0155382513664084,1.0664739670493597,1.0,-0.034236983524679854
60,6.050881001217304,0.13735531747034996,-1.691527465697612,1.1935076073758555,1.0,-0.09775380368792774
61,6.052953787134923,0.0019361345989955202,-1.374154684081403,1.3834654703157994,1.0,-0.19273273515789968
62,6.090837798041496,-0.11037929167330907,-1.0618742580872285,1.5716583490719946,1.0,-0.2868291745359973
63,6.163048421552487,-0.20420675604843377,-0.7065798025682818,1.7102787573732967,1.0,-0.35613937868664836
64,6.280617369575169,-0.2702573867040307,-0.2526162622600534,1.7682336615809413,1.0,-0.38511683079047065
65,6.431790383289831,-0.27267058245528725,0.2837248378970573,1.7437012797669946,1.0,-0.3728506398834973
66,6.537544817218611,-0.21996110657269174,0.6996708939081699,1.6943008249439049,1.0,-0.34815041247195244
67,6.620913574575067,-0.11402988568124932,1.163879949171874,1.6289541228540907,1.0,-0.31547706142704535
68,6.6489307923417975,0.01791339797312917,1.611748476579096,1.5686641709683435,1.0,-0.28533208548417177
69,6.617947583149322,0.14927045462277214,2.0436057061268293,1.5210900799711862,1.0,-0.2615450399855931
70,6.535451505998196,0.2561632959943366,2.4619091651146645,1.4900775747685255,1.0,-0.24603878738426277
71,6.433068502361518,0.31559382154667037,2.818830133333414,1.4783067638513412,1.0,-0.2401533819256706
72,6.2824675251770605,0.3339128100613762,-3.011192889019985,1.4807407511016177,1.0,-0.24137037555080887
73,6.153667960469218,0.29314624739603573,-2.608514160335982,1.4947942520738606,1.0,-0.24839712603693032
74,6.051275161948911,0.2050404466057766,-2.2024079428514582,1.5147301134611058,1.0,-0.2583650567305529
75,6.002248641077716,0.11604293913955564,-1.8942157286685337,1.530160638564221,1.0,-0.2660803192821105
76,5.982647185941057,0.016350837488829793,-1.583112234141788,1.544317871825679,1.0,-0.27315893591283946
77,5.994630424214219,-0.0845331145603682,-1.2690340801831452,1.5555674468621985,1.0,-0.27878372343109925
78,6.028186619957594,-0.16237221942746458,-1.0053219853455748,1.5621063587301993,1.0,-0.28205317936509966
79,6.093465891745088,-0.24020254660291676,-0.687096934208359,1.5664368301970684,1.0,-0.2842184150985342
80,6.195705864429861,-0.29976996784963306,-0.31456924072315345,1.5673246359489532,1.0,-0.2846623179744766
81,6.329588608665015,-0.3170129159814264,0.11170985627789642,1.5639639324065324,1.0,-0.2829819662032662
82,6.458630414756809,-0.27737714607818337,0.5373365736880001,1.5578215849900077,1.0,-0.27991079249500384
83,6.559850712493425,-0.1880510919384123,0.9614817243866494,1.5508331874308006,1.0,-0.2764165937154003
84,6.61860142304444,-0.048315833474431316,1.4365118907252405,1.5438261466780046,1.0,-0.2729130733390023
85,6.618875868316532,0.05327305385597778,1.751928903385096,1.5404030218864566,1.0,-0.2712015109432283
86,6.579583001140147,0.1649071598089982,2.1187775950379812,1.5380615831427953,1.0,-0.27003079157139764
87,6.515797904411801,0.24398119212055716,2.4326217668828356,1.5373240230729817,1.0,-0.26966201153649083
88,6.382736793017799,0.31664740311535977,2.9030930719724966,1.5378494413439574,1.0,-0.2699247206719787
89,6.247918678418702,0.3241390083042328,-2.961815051422528,1.539501765180692,1.0,-0.27075088259034596
90,6.107641633727137,0.2666321707773196,-2.4908398693439078,1.5420106591257459,1.0,-0.27200532956287293
91,6.016932851673238,0.16661886892625782,-2.07154092369775,1.5441014228215217,1.0,-0.27305071141076087
92,5.977092838243409,0.0551808319333203,-1.7041727398414275,1.5455348725067526,1.0,-0.2737674362533763
93,5.974690195726973,-0.029550799843241188,-1.4415292861212345,1.5462499811070298,1.0,-0.2741249905535149
94,6.000871843929951,-0.1277085632516921,-1.1261429173963018,1.5467340603390858,1.0,-0.2743670301695429
95,6.067928089880373,-0.2252201017598976,-0.7580366697671606,1.5468647808060099,1.0,-0.27443239040300493
96,6.165583180726329,-0.2920668641859547,-0.38988729647338255,1.5466362391536523,1.0,-0.27431811957682617
97,6.297748286028442,-0.31966003208034255,0.030818740652592158,1.5460648411132194,1.0,-0.2740324205566097
98,6.429660048784451,-0.2908769792276132,0.4513872324596906,1.5453584160661247,1.0,-0.27367920803306234
99,6.538331921470055,-0.2107531172903896,0.8717727584883352,1.544686488435031,1.0,-0.27334324421751555
100,6.599322097715575,-0.10933516708386241,1.2394538337700052,1.5442268781136566,1.0,-0.2731134390568283
101,6.618343161230576,-0.026731009197849834,1.5019880297708106,1.544015512675124,1.0,-0.273007756337562
